sample_ID,CHROM,POS,REF,ALT,type,seq,chr,start,end,strand,predicted_efficiency
ncd5_chr19_33183269_33183289_+_AGGCGGGCGTGCTGCTGCTG_candidate_841_dPAM,chr19,33183291,G,A,RTT,AAGTCCTGGGCTGCAG,chr19,33183286,33183302,-,52.92170715332031
ncd5_chr19_33183269_33183289_+_AGGCGGGCGTGCTGCTGCTG_candidate_841_dPAM,chr19,33183291,G,A,sgRNA,AGGCGGGCGTGCTGCTGCTG,chr19,33183269,33183289,+,52.92170715332031
ncd5_chr19_33183269_33183289_+_AGGCGGGCGTGCTGCTGCTG_candidate_841_dPAM,chr19,33183291,G,A,PBS,CAGCAGCACGCCC,chr19,33183273,33183286,-,52.92170715332031
ncd5_chr19_33183269_33183289_+_AGGCGGGCGTGCTGCTGCTG_candidate_841_dPAM,chr19,33183291,G,A,ngRNA,TCGCGCCAGGAGGCCAGGCC,chr19,33183352,33183372,-,52.92170715332031
ncd3_chr12_2521557_2521577_+_GAGATCATGGGGATAAGGGG_candidate_458_dPAM,chr12,2521579,G,A,ngRNA,CTGTCTCACTGCTGGGCTCC,chr12,2521642,2521662,-,47.89073181152344
ncd3_chr12_2521557_2521577_+_GAGATCATGGGGATAAGGGG_candidate_458_dPAM,chr12,2521579,G,A,PBS,CTTATCCCCATGA,chr12,2521561,2521574,-,47.89073181152344
ncd3_chr12_2521557_2521577_+_GAGATCATGGGGATAAGGGG_candidate_458_dPAM,chr12,2521579,G,A,RTT,AGGTCTGCTGGGCACTGCCC,chr12,2521574,2521594,-,47.89073181152344
ncd3_chr12_2521557_2521577_+_GAGATCATGGGGATAAGGGG_candidate_458_dPAM,chr12,2521579,G,A,sgRNA,GAGATCATGGGGATAAGGGG,chr12,2521557,2521577,+,47.89073181152344
ncd6_chr19_4449286_4449306_-_GTGGCCCGAATCCTGACACA_candidate_815_PE3b,chr19,4449287,T,C,RTT,GCAGCCCAGGGCCACGT,chr19,4449272,4449289,+,34.751380920410156
ncd6_chr19_4449286_4449306_-_GTGGCCCGAATCCTGACACA_candidate_815_PE3b,chr19,4449287,T,C,ngRNA,CAGGGCCACGTGTCAGGATT,chr19,4449278,4449298,+,34.751380920410156
ncd6_chr19_4449286_4449306_-_GTGGCCCGAATCCTGACACA_candidate_815_PE3b,chr19,4449287,T,C,sgRNA,GTGGCCCGAATCCTGACACA,chr19,4449286,4449306,-,34.751380920410156
ncd6_chr19_4449286_4449306_-_GTGGCCCGAATCCTGACACA_candidate_815_PE3b,chr19,4449287,T,C,PBS,GTCAGGATTCGGGCC,chr19,4449289,4449304,+,34.751380920410156
ncd2_chr1_3691510_3691530_+_CAGGGGCTGCAGCCTAGATT_candidate_1157_PE3b,chr1,3691528,A,G,sgRNA,CAGGGGCTGCAGCCTAGATT,chr1,3691510,3691530,+,33.917022705078125
ncd2_chr1_3691510_3691530_+_CAGGGGCTGCAGCCTAGATT_candidate_1157_PE3b,chr1,3691528,A,G,ngRNA,AGGACATTGTGGCCCAACCT,chr1,3691525,3691545,-,33.917022705078125
ncd2_chr1_3691510_3691530_+_CAGGGGCTGCAGCCTAGATT_candidate_1157_PE3b,chr1,3691528,A,G,RTT,TGTGGCCCAAC,chr1,3691527,3691538,-,33.917022705078125
ncd2_chr1_3691510_3691530_+_CAGGGGCTGCAGCCTAGATT_candidate_1157_PE3b,chr1,3691528,A,G,PBS,CTAGGCTGCAGCCCC,chr1,3691512,3691527,-,33.917022705078125
ncd8_chr6_109608498_109608518_-_CCCCTTTGCTCCTCCTCTAC_candidate_212_PE3b_dPAM,chr6,109608497,C,T,sgRNA,CCCCTTTGCTCCTCCTCTAC,chr6,109608498,109608518,-,33.594085693359375
ncd8_chr6_109608498_109608518_-_CCCCTTTGCTCCTCCTCTAC_candidate_212_PE3b_dPAM,chr6,109608497,C,T,RTT,AGATACCCCTGTCCTGGTA,chr6,109608482,109608501,+,33.594085693359375
ncd8_chr6_109608498_109608518_-_CCCCTTTGCTCCTCCTCTAC_candidate_212_PE3b_dPAM,chr6,109608497,C,T,ngRNA,CTGGTAGAGGAGGAGCAAAG,chr6,109608495,109608515,+,33.594085693359375
ncd8_chr6_109608498_109608518_-_CCCCTTTGCTCCTCCTCTAC_candidate_212_PE3b_dPAM,chr6,109608497,C,T,PBS,GAGGAGGAGCA,chr6,109608501,109608512,+,33.594085693359375
ncd4_chr16_67993649_67993669_-_GGGGATGCAGAAAGCATTTC_candidate_54_PE3b,chr16,67993643,T,C,sgRNA,GGGGATGCAGAAAGCATTTC,chr16,67993649,67993669,-,20.500295639038086
ncd4_chr16_67993649_67993669_-_GGGGATGCAGAAAGCATTTC_candidate_54_PE3b,chr16,67993643,T,C,PBS,ATGCTTTCTG,chr16,67993652,67993662,+,20.500295639038086
ncd4_chr16_67993649_67993669_-_GGGGATGCAGAAAGCATTTC_candidate_54_PE3b,chr16,67993643,T,C,RTT,GGGCAGGGCGGGCCGGAA,chr16,67993634,67993652,+,20.500295639038086
ncd4_chr16_67993649_67993669_-_GGGGATGCAGAAAGCATTTC_candidate_54_PE3b,chr16,67993643,T,C,ngRNA,AGTGTGGGAAAGGGCAGGGC,chr16,67993623,67993643,+,20.500295639038086
ncd1_chr1_158582556_158582576_-_TGTCATCCTAATTTGAATTC_candidate_50_PE3b,chr1,158582552,G,A,RTT,GCCTGAGATAACCAGAA,chr1,158582542,158582559,+,19.07718276977539
ncd1_chr1_158582556_158582576_-_TGTCATCCTAATTTGAATTC_candidate_50_PE3b,chr1,158582552,G,A,PBS,TTCAAATTAG,chr1,158582559,158582569,+,19.07718276977539
ncd1_chr1_158582556_158582576_-_TGTCATCCTAATTTGAATTC_candidate_50_PE3b,chr1,158582552,G,A,ngRNA,AGATAACCAGAATTCAAATT,chr1,158582547,158582567,+,19.07718276977539
ncd1_chr1_158582556_158582576_-_TGTCATCCTAATTTGAATTC_candidate_50_PE3b,chr1,158582552,G,A,sgRNA,TGTCATCCTAATTTGAATTC,chr1,158582556,158582576,-,19.07718276977539
