sample_ID,CHROM,POS,REF,ALT,type,seq,chr,start,end,strand,predicted_efficiency
ncd6_chr19_4449286_4449306_-_GTGGCCCGAATCCTGACACA_candidate_815_PE3b,chr19,4449287,T,C,RTT,GCAGCCCAGGGCCACGT,chr19,4449272,4449289,+,34.751380920410156
ncd6_chr19_4449286_4449306_-_GTGGCCCGAATCCTGACACA_candidate_815_PE3b,chr19,4449287,T,C,PBS,GTCAGGATTCGGGCC,chr19,4449289,4449304,+,34.751380920410156
ncd6_chr19_4449286_4449306_-_GTGGCCCGAATCCTGACACA_candidate_815_PE3b,chr19,4449287,T,C,sgRNA,GTGGCCCGAATCCTGACACA,chr19,4449286,4449306,-,34.751380920410156
ncd6_chr19_4449286_4449306_-_GTGGCCCGAATCCTGACACA_candidate_815_PE3b,chr19,4449287,T,C,ngRNA,CAGGGCCACGTGTCAGGATT,chr19,4449278,4449298,+,34.751380920410156
ncd8_chr6_109608498_109608518_-_CCCCTTTGCTCCTCCTCTAC_candidate_212_PE3b_dPAM,chr6,109608497,C,T,sgRNA,CCCCTTTGCTCCTCCTCTAC,chr6,109608498,109608518,-,33.594085693359375
ncd8_chr6_109608498_109608518_-_CCCCTTTGCTCCTCCTCTAC_candidate_212_PE3b_dPAM,chr6,109608497,C,T,RTT,AGATACCCCTGTCCTGGTA,chr6,109608482,109608501,+,33.594085693359375
ncd8_chr6_109608498_109608518_-_CCCCTTTGCTCCTCCTCTAC_candidate_212_PE3b_dPAM,chr6,109608497,C,T,ngRNA,CTGGTAGAGGAGGAGCAAAG,chr6,109608495,109608515,+,33.594085693359375
ncd8_chr6_109608498_109608518_-_CCCCTTTGCTCCTCCTCTAC_candidate_212_PE3b_dPAM,chr6,109608497,C,T,PBS,GAGGAGGAGCA,chr6,109608501,109608512,+,33.594085693359375
